{
  "execution_time": 7.286598443984985,
  "total_courts": 244,
  "success_count": 244,
  "failed_count": 0,
  "success_rate": 100.0,
  "failed_courts": [],
  "timestamp": "2025-07-04T16:14:56.815611"
}