{
  "execution_time": 4.0573084354400635,
  "total_courts": 241,
  "success_count": 241,
  "failed_count": 0,
  "success_rate": 100.0,
  "failed_courts": [],
  "timestamp": "2025-07-01T13:03:35.877858"
}